,antecedents,consequents,confidence,lift,jaccard_coefficient,kulczynski_measure,confidence_norm,lift_norm,jaccard_coefficient_norm,kulczynski_measure_norm,score
10977,"frozenset({'Bangladesh', 'Runs < 25', 'Babar Azam'})","frozenset({'Top Order', 'Won', 'S/R < 90'})",1.0,18.169811320754718,0.09433962264150944,0.5275181723779855,1.0,0.8700288635167991,0.3343277143716413,0.4874680306905372,0.6335416098703335
4764,"frozenset({'Top Order', 'Babar Azam', 'West Indies'})",frozenset({'Won'}),1.0,1.7382671480144405,0.02346570397111913,0.7876427829698858,1.0,0.04370761115297664,0.05685135897821901,1.0,0.6214261688087633
4635,"frozenset({'Bangladesh', 'Babar Azam', 'Top Order'})",frozenset({'Won'}),1.0,1.7382671480144405,0.014440433212996389,0.7876427829698858,1.0,0.04370761115297664,0.021516791856999944,1.0,0.6108257986723976
1018,"frozenset({'Bangladesh', 'Babar Azam'})",frozenset({'Won'}),1.0,1.7382671480144405,0.014440433212996389,0.7876427829698858,1.0,0.04370761115297664,0.021516791856999944,1.0,0.6108257986723976
8193,"frozenset({'Top Order', 'Babar Azam', '2nd Inning', 'Bangladesh'})",frozenset({'Won'}),1.0,1.7382671480144405,0.012635379061371842,0.7876427829698858,1.0,0.04370761115297664,0.014449878432756136,1.0,0.6087057246451244
3567,"frozenset({'Bangladesh', 'Babar Azam', '2nd Inning'})",frozenset({'Won'}),1.0,1.7382671480144405,0.012635379061371842,0.7876427829698858,1.0,0.04370761115297664,0.014449878432756136,1.0,0.6087057246451244
6628,"frozenset({'Top Order', 'Babar Azam', '1st Inning', 'West Indies'})",frozenset({'Won'}),1.0,1.7382671480144405,0.012635379061371842,0.7876427829698858,1.0,0.04370761115297664,0.014449878432756136,1.0,0.6087057246451244
8284,"frozenset({'Top Order', 'Babar Azam', '2nd Inning', 'West Indies'})",frozenset({'Won'}),1.0,1.7382671480144405,0.010830324909747292,0.7876427829698858,1.0,0.04370761115297664,0.007382965008512315,1.0,0.6065856506178513
9258,"frozenset({'Top Order', 'Babar Azam', 'Bangladesh', 'S/R < 90'})",frozenset({'Won'}),1.0,1.7382671480144405,0.010830324909747292,0.7876427829698858,1.0,0.04370761115297664,0.007382965008512315,1.0,0.6065856506178513
9372,"frozenset({'Top Order', 'Babar Azam', 'S/R >= 120', 'West Indies'})",frozenset({'Won'}),1.0,1.7382671480144405,0.010830324909747292,0.7876427829698858,1.0,0.04370761115297664,0.007382965008512315,1.0,0.6065856506178513
3622,"frozenset({'Babar Azam', '2nd Inning', 'West Indies'})",frozenset({'Won'}),1.0,1.7382671480144405,0.010830324909747292,0.7876427829698858,1.0,0.04370761115297664,0.007382965008512315,1.0,0.6065856506178513
9376,"frozenset({'Top Order', 'Babar Azam', 'S/R >= 90 and < 120', 'West Indies'})",frozenset({'Won'}),1.0,1.7382671480144405,0.010830324909747292,0.7876427829698858,1.0,0.04370761115297664,0.007382965008512315,1.0,0.6065856506178513
9307,"frozenset({'Top Order', 'Babar Azam', 'New Zealand', 'S/R >= 120'})",frozenset({'Won'}),1.0,1.7382671480144405,0.010830324909747292,0.7876427829698858,1.0,0.04370761115297664,0.007382965008512315,1.0,0.6065856506178513
4754,"frozenset({'Babar Azam', 'S/R >= 120', 'West Indies'})",frozenset({'Won'}),1.0,1.7382671480144405,0.010830324909747292,0.7876427829698858,1.0,0.04370761115297664,0.007382965008512315,1.0,0.6065856506178513
4677,"frozenset({'Babar Azam', 'New Zealand', 'S/R >= 120'})",frozenset({'Won'}),1.0,1.7382671480144405,0.010830324909747292,0.7876427829698858,1.0,0.04370761115297664,0.007382965008512315,1.0,0.6065856506178513
4632,"frozenset({'Bangladesh', 'Babar Azam', 'S/R < 90'})",frozenset({'Won'}),1.0,1.7382671480144405,0.010830324909747292,0.7876427829698858,1.0,0.04370761115297664,0.007382965008512315,1.0,0.6065856506178513
9366,"frozenset({'Top Order', 'Babar Azam', 'Runs >= 50', 'West Indies'})",frozenset({'Won'}),1.0,1.7382671480144405,0.009025270758122745,0.7876427829698858,1.0,0.04370761115297664,0.00031605158426850806,1.0,0.6044655765905782
9359,"frozenset({'Babar Azam', 'Runs >= 50', 'S/R >= 120', 'West Indies'})",frozenset({'Won'}),1.0,1.7382671480144405,0.009025270758122745,0.7876427829698858,1.0,0.04370761115297664,0.00031605158426850806,1.0,0.6044655765905782
9303,"frozenset({'Top Order', 'Babar Azam', 'New Zealand', 'Runs >= 50'})",frozenset({'Won'}),1.0,1.7382671480144405,0.009025270758122745,0.7876427829698858,1.0,0.04370761115297664,0.00031605158426850806,1.0,0.6044655765905782
4674,"frozenset({'Babar Azam', 'New Zealand', 'Runs >= 50'})",frozenset({'Won'}),1.0,1.7382671480144405,0.009025270758122745,0.7876427829698858,1.0,0.04370761115297664,0.00031605158426850806,1.0,0.6044655765905782
4738,"frozenset({'Babar Azam', 'Runs >= 50', 'West Indies'})",frozenset({'Won'}),1.0,1.7382671480144405,0.009025270758122745,0.7876427829698858,1.0,0.04370761115297664,0.00031605158426850806,1.0,0.6044655765905782
8187,"frozenset({'Bangladesh', 'Babar Azam', '2nd Inning', 'S/R < 90'})",frozenset({'Won'}),1.0,1.7382671480144405,0.009025270758122745,0.7876427829698858,1.0,0.04370761115297664,0.00031605158426850806,1.0,0.6044655765905782
4624,"frozenset({'Bangladesh', 'Runs < 25', 'Babar Azam'})",frozenset({'Won'}),1.0,1.7382671480144405,0.009025270758122745,0.7876427829698858,1.0,0.04370761115297664,0.00031605158426850806,1.0,0.6044655765905782
9244,"frozenset({'Bangladesh', 'Runs < 25', 'Babar Azam', 'S/R < 90'})",frozenset({'Won'}),1.0,1.7382671480144405,0.009025270758122745,0.7876427829698858,1.0,0.04370761115297664,0.00031605158426850806,1.0,0.6044655765905782
9250,"frozenset({'Top Order', 'Runs < 25', 'Babar Azam', 'Bangladesh'})",frozenset({'Won'}),1.0,1.7382671480144405,0.009025270758122745,0.7876427829698858,1.0,0.04370761115297664,0.00031605158426850806,1.0,0.6044655765905782
9300,"frozenset({'Babar Azam', 'New Zealand', 'Runs >= 50', 'S/R >= 120'})",frozenset({'Won'}),1.0,1.7382671480144405,0.009025270758122745,0.7876427829698858,1.0,0.04370761115297664,0.00031605158426850806,1.0,0.6044655765905782
10660,"frozenset({'Top Order', 'Bangladesh', '2nd Inning', 'S/R < 90', 'Babar Azam'})",frozenset({'Won'}),1.0,1.7382671480144405,0.009025270758122745,0.7876427829698858,1.0,0.04370761115297664,0.00031605158426850806,1.0,0.6044655765905782
10994,"frozenset({'Top Order', 'S/R >= 120', 'Runs >= 50', 'Babar Azam', 'West Indies'})",frozenset({'Won'}),1.0,1.7382671480144405,0.009025270758122745,0.7876427829698858,1.0,0.04370761115297664,0.00031605158426850806,1.0,0.6044655765905782
10982,"frozenset({'New Zealand', 'Top Order', 'S/R >= 120', 'Runs >= 50', 'Babar Azam'})",frozenset({'Won'}),1.0,1.7382671480144405,0.009025270758122745,0.7876427829698858,1.0,0.04370761115297664,0.00031605158426850806,1.0,0.6044655765905782
10966,"frozenset({'Top Order', 'Bangladesh', 'Runs < 25', 'S/R < 90', 'Babar Azam'})",frozenset({'Won'}),1.0,1.7382671480144405,0.009025270758122745,0.7876427829698858,1.0,0.04370761115297664,0.00031605158426850806,1.0,0.6044655765905782
1058,"frozenset({'Babar Azam', 'West Indies'})",frozenset({'Won'}),0.9285714285714285,1.6141052088705516,0.02342342342342342,0.7519284972556,0.857142857142857,0.0374636667025514,0.05668582767278627,0.9296309828279137,0.5567842669633222
8261,"frozenset({'Top Order', 'Babar Azam', '2nd Inning', 'Runs >= 50'})",frozenset({'Won'}),0.9285714285714285,1.6141052088705516,0.02342342342342342,0.7519284972556,0.857142857142857,0.0374636667025514,0.05668582767278627,0.9296309828279137,0.5567842669633222
3597,"frozenset({'Babar Azam', '2nd Inning', 'Runs >= 50'})",frozenset({'Won'}),0.9285714285714285,1.6141052088705516,0.02342342342342342,0.7519284972556,0.857142857142857,0.0374636667025514,0.05668582767278627,0.9296309828279137,0.5567842669633222
10691,"frozenset({'Top Order', 'S/R >= 120', '2nd Inning', 'Runs >= 50', 'Babar Azam'})",frozenset({'Won'}),0.9230769230769231,1.6045542904748682,0.02162162162162162,0.7491812445083473,0.8461538461538463,0.03698336328328793,0.04963164742588344,0.9242179815069842,0.549699378854343
8257,"frozenset({'Babar Azam', '2nd Inning', 'Runs >= 50', 'S/R >= 120'})",frozenset({'Won'}),0.9230769230769231,1.6045542904748682,0.02162162162162162,0.7491812445083473,0.8461538461538463,0.03698336328328793,0.04963164742588344,0.9242179815069842,0.549699378854343
4636,"frozenset({'Bangladesh', 'Babar Azam'})","frozenset({'Top Order', 'Won'})",1.0,3.898785425101215,0.032388663967611336,0.6282450674974039,1.0,0.15235730041584167,0.09178537230211253,0.6859335038363172,0.548551392883113
8197,"frozenset({'Bangladesh', 'Babar Azam', '2nd Inning'})","frozenset({'Top Order', 'Won'})",1.0,3.898785425101215,0.028340080971659923,0.6282450674974039,1.0,0.15235730041584167,0.07593488632222967,0.6859335038363172,0.5437962470891482
9363,"frozenset({'Babar Azam', 'Runs >= 50', 'West Indies'})","frozenset({'Won', 'S/R >= 120'})",1.0,3.3437500000000004,0.017361111111111115,0.6495327102803738,1.0,0.12444528175500297,0.03295145038372781,0.7278772378516626,0.5406931346461175
10985,"frozenset({'Top Order', 'Babar Azam', 'New Zealand', 'Runs >= 50'})","frozenset({'Won', 'S/R >= 120'})",1.0,3.3437500000000004,0.017361111111111115,0.6495327102803738,1.0,0.12444528175500297,0.03295145038372781,0.7278772378516626,0.5406931346461175
9302,"frozenset({'Babar Azam', 'New Zealand', 'Runs >= 50'})","frozenset({'Won', 'S/R >= 120'})",1.0,3.3437500000000004,0.017361111111111115,0.6495327102803738,1.0,0.12444528175500297,0.03295145038372781,0.7278772378516626,0.5406931346461175
10999,"frozenset({'Top Order', 'Babar Azam', 'Runs >= 50', 'West Indies'})","frozenset({'Won', 'S/R >= 120'})",1.0,3.3437500000000004,0.017361111111111115,0.6495327102803738,1.0,0.12444528175500297,0.03295145038372781,0.7278772378516626,0.5406931346461175
11008,"frozenset({'Babar Azam', 'Runs >= 50', 'West Indies'})","frozenset({'Top Order', 'Won', 'S/R >= 120'})",1.0,7.829268292682928,0.040650406504065054,0.5638629283489096,1.0,0.3500162356559512,0.12413067296024759,0.559079283887468,0.5399646106199097
10990,"frozenset({'Babar Azam', 'New Zealand', 'Runs >= 50'})","frozenset({'Top Order', 'Won', 'S/R >= 120'})",1.0,7.829268292682928,0.040650406504065054,0.5638629283489096,1.0,0.3500162356559512,0.12413067296024759,0.559079283887468,0.5399646106199097
9374,"frozenset({'Babar Azam', 'S/R >= 120', 'West Indies'})","frozenset({'Top Order', 'Won'})",1.0,3.898785425101215,0.0242914979757085,0.6282450674974039,1.0,0.15235730041584167,0.06008440034234675,0.6859335038363172,0.5390411012951833
9310,"frozenset({'Babar Azam', 'New Zealand', 'S/R >= 120'})","frozenset({'Top Order', 'Won'})",1.0,3.898785425101215,0.0242914979757085,0.6282450674974039,1.0,0.15235730041584167,0.06008440034234675,0.6859335038363172,0.5390411012951833
9263,"frozenset({'Bangladesh', 'Babar Azam', 'S/R < 90'})","frozenset({'Top Order', 'Won'})",1.0,3.898785425101215,0.0242914979757085,0.6282450674974039,1.0,0.15235730041584167,0.06008440034234675,0.6859335038363172,0.5390411012951833
8286,"frozenset({'Babar Azam', '2nd Inning', 'West Indies'})","frozenset({'Top Order', 'Won'})",1.0,3.898785425101215,0.0242914979757085,0.6282450674974039,1.0,0.15235730041584167,0.06008440034234675,0.6859335038363172,0.5390411012951833
9370,"frozenset({'Babar Azam', 'Runs >= 50', 'West Indies'})","frozenset({'Top Order', 'Won'})",1.0,3.898785425101215,0.02024291497975709,0.6282450674974039,1.0,0.15235730041584167,0.044233914362463884,0.6859335038363172,0.5342859555012185
10974,"frozenset({'Bangladesh', 'Runs < 25', 'Babar Azam', 'S/R < 90'})","frozenset({'Top Order', 'Won'})",1.0,3.898785425101215,0.02024291497975709,0.6282450674974039,1.0,0.15235730041584167,0.044233914362463884,0.6859335038363172,0.5342859555012185
10988,"frozenset({'Babar Azam', 'New Zealand', 'Runs >= 50', 'S/R >= 120'})","frozenset({'Top Order', 'Won'})",1.0,3.898785425101215,0.02024291497975709,0.6282450674974039,1.0,0.15235730041584167,0.044233914362463884,0.6859335038363172,0.5342859555012185
10669,"frozenset({'Bangladesh', 'Babar Azam', '2nd Inning', 'S/R < 90'})","frozenset({'Top Order', 'Won'})",1.0,3.898785425101215,0.02024291497975709,0.6282450674974039,1.0,0.15235730041584167,0.044233914362463884,0.6859335038363172,0.5342859555012185
9305,"frozenset({'Babar Azam', 'New Zealand', 'Runs >= 50'})","frozenset({'Top Order', 'Won'})",1.0,3.898785425101215,0.02024291497975709,0.6282450674974039,1.0,0.15235730041584167,0.044233914362463884,0.6859335038363172,0.5342859555012185
11003,"frozenset({'Babar Azam', 'Runs >= 50', 'S/R >= 120', 'West Indies'})","frozenset({'Top Order', 'Won'})",1.0,3.898785425101215,0.02024291497975709,0.6282450674974039,1.0,0.15235730041584167,0.044233914362463884,0.6859335038363172,0.5342859555012185
9254,"frozenset({'Bangladesh', 'Runs < 25', 'Babar Azam'})","frozenset({'Top Order', 'Won'})",1.0,3.898785425101215,0.02024291497975709,0.6282450674974039,1.0,0.15235730041584167,0.044233914362463884,0.6859335038363172,0.5342859555012185
10970,"frozenset({'Top Order', 'Runs < 25', 'Babar Azam', 'Bangladesh'})","frozenset({'Won', 'S/R < 90'})",1.0,6.551020408163266,0.03401360544217688,0.5763239875389408,1.0,0.2857347912789834,0.09814713198111319,0.5836317135549872,0.5331071327887285
9246,"frozenset({'Bangladesh', 'Runs < 25', 'Babar Azam'})","frozenset({'Won', 'S/R < 90'})",1.0,6.551020408163266,0.03401360544217688,0.5763239875389408,1.0,0.2857347912789834,0.09814713198111319,0.5836317135549872,0.5331071327887285
8264,"frozenset({'Babar Azam', '2nd Inning', 'Runs >= 50'})","frozenset({'Top Order', 'Won'})",0.9285714285714285,3.6203007518796992,0.05241935483870967,0.5925307817831182,0.857142857142857,0.13835266387521178,0.1702069299525815,0.615564486664231,0.506709548515422
4766,"frozenset({'Babar Azam', 'West Indies'})","frozenset({'Top Order', 'Won'})",0.9285714285714285,3.6203007518796992,0.05241935483870967,0.5925307817831182,0.857142857142857,0.13835266387521178,0.1702069299525815,0.615564486664231,0.506709548515422
10698,"frozenset({'Babar Azam', '2nd Inning', 'Runs >= 50', 'S/R >= 120'})","frozenset({'Top Order', 'Won'})",0.9230769230769231,3.598878853939583,0.04838709677419355,0.5897835290358655,0.8461538461538463,0.13727538414131718,0.1544203572226175,0.6101514853433013,0.4969452450300612
2196,"frozenset({'Babar Azam', '1st Inning', 'West Indies'})",frozenset({'Won'}),0.875,1.5209837545126355,0.012612612612612614,0.7251427829698858,0.75,0.032780708364732486,0.014360746191369279,0.8768542199488492,0.49564256067853873
1056,frozenset({'Babar Azam'}),"frozenset({'Top Order', 'Won'})",0.6701030927835052,2.612588171459577,0.23297491039426524,0.46329661388915655,0.34020618556701043,0.08767609247561295,0.8770945755276365,0.360930208031218,0.48223689998532077
4760,"frozenset({'Babar Azam', 'S/R >= 90 and < 120', 'West Indies'})",frozenset({'Won'}),0.8571428571428571,1.4899432697266632,0.01081081081081081,0.7162142115413144,0.7142857142857142,0.031219722252126172,0.007306565944466434,0.8592619656558277,0.4773782459910151
10700,"frozenset({'Babar Azam', '2nd Inning', 'Runs >= 50'})","frozenset({'Top Order', 'Won', 'S/R >= 120'})",0.8571428571428571,6.710801393728223,0.096,0.4924343569203382,0.7142857142857142,0.29376997182610437,0.3408282080180325,0.4183412495432956,0.47141354873672314
4729,"frozenset({'Babar Azam', 'Runs >= 50', 'S/R >= 120'})",frozenset({'Won'}),0.7931034482758621,1.378625669114901,0.04107142857142857,0.6841945071078168,0.5862068965517242,0.02562170308967596,0.12577900384111138,0.7961725019843021,0.45500969102210886
9347,"frozenset({'Top Order', 'Babar Azam', 'Runs >= 50', 'S/R >= 120'})",frozenset({'Won'}),0.7931034482758621,1.378625669114901,0.04107142857142857,0.6841945071078168,0.5862068965517242,0.02562170308967596,0.12577900384111138,0.7961725019843021,0.45500969102210886
8208,"frozenset({'Top Order', 'Babar Azam', 'New Zealand', '2nd Inning'})",frozenset({'Won'}),0.8333333333333334,1.4485559566787005,0.00900900900900901,0.7043094496365525,0.6666666666666667,0.029138407435317766,0.0002523856975636089,0.8358056265984657,0.4537312444323406
3575,"frozenset({'New Zealand', 'Babar Azam', '2nd Inning'})",frozenset({'Won'}),0.8333333333333334,1.4485559566787005,0.00900900900900901,0.7043094496365525,0.6666666666666667,0.029138407435317766,0.0002523856975636089,0.8358056265984657,0.4537312444323406
9327,"frozenset({'Top Order', 'Runs < 25', 'South Africa', 'Babar Azam'})",frozenset({'Won'}),0.8333333333333334,1.4485559566787005,0.00900900900900901,0.7043094496365525,0.6666666666666667,0.029138407435317766,0.0002523856975636089,0.8358056265984657,0.4537312444323406
4699,"frozenset({'Babar Azam', 'Runs < 25', 'South Africa'})",frozenset({'Won'}),0.8333333333333334,1.4485559566787005,0.00900900900900901,0.7043094496365525,0.6666666666666667,0.029138407435317766,0.0002523856975636089,0.8358056265984657,0.4537312444323406
1040,"frozenset({'Babar Azam', 'Runs >= 50'})",frozenset({'Won'}),0.78125,1.3580212093862816,0.044563279857397504,0.6782677829698858,0.5625,0.024585531273549358,0.13944984618457676,0.784494884910486,0.44839197245587376
4735,"frozenset({'Top Order', 'Babar Azam', 'Runs >= 50'})",frozenset({'Won'}),0.78125,1.3580212093862816,0.044563279857397504,0.6782677829698858,0.5625,0.024585531273549358,0.13944984618457676,0.784494884910486,0.44839197245587376
8198,"frozenset({'Bangladesh', 'Babar Azam'})","frozenset({'Top Order', 'Won', '2nd Inning'})",0.875,6.795362903225806,0.05600000000000001,0.5018821391484943,0.75,0.29802246153098183,0.1842254065367896,0.4369565217391306,0.44115682463587425
1054,"frozenset({'Top Order', 'Babar Azam'})",frozenset({'Won'}),0.6842105263157895,1.1893406802204067,0.1113013698630137,0.6297480461277805,0.368421052631579,0.016102804108991398,0.4007341426942477,0.6888948714497241,0.43902530044356436
8259,"frozenset({'Babar Azam', '2nd Inning', 'Runs >= 50'})","frozenset({'Won', 'S/R >= 120'})",0.8571428571428571,2.866071428571429,0.04137931034482759,0.5781041388518023,0.7142857142857142,0.10042343991100587,0.12698438254709388,0.5871392035074899,0.43856513409319
10694,"frozenset({'Top Order', 'Babar Azam', '2nd Inning', 'Runs >= 50'})","frozenset({'Won', 'S/R >= 120'})",0.8571428571428571,2.866071428571429,0.04137931034482759,0.5781041388518023,0.7142857142857142,0.10042343991100587,0.12698438254709388,0.5871392035074899,0.43856513409319
9355,"frozenset({'Babar Azam', 'Runs >= 50'})","frozenset({'Top Order', 'Won', 'S/R >= 120'})",0.7187500000000001,5.627286585365855,0.17424242424242425,0.4232379283489097,0.4375000000000002,0.23928140374094028,0.6471527787942214,0.2820012787723787,0.4339243576440741
11007,"frozenset({'Babar Azam', 'S/R >= 120', 'West Indies'})","frozenset({'Top Order', 'Won', 'Runs >= 50'})",0.8333333333333334,11.977611940298509,0.0735294117647059,0.45145379023883697,0.6666666666666667,0.5586311097114279,0.25285428130356963,0.33759590792838884,0.4329981677407303
10989,"frozenset({'Babar Azam', 'New Zealand', 'S/R >= 120'})","frozenset({'Top Order', 'Won', 'Runs >= 50'})",0.8333333333333334,11.977611940298509,0.0735294117647059,0.45145379023883697,0.6666666666666667,0.5586311097114279,0.25285428130356963,0.33759590792838884,0.4329981677407303
3609,"frozenset({'Babar Azam', '2nd Inning', 'S/R >= 90 and < 120'})",frozenset({'Won'}),0.7999999999999999,1.3906137184115523,0.014388489208633093,0.6876427829698857,0.5999999999999999,0.026224566691785984,0.021313427441913793,0.8029667519181585,0.42990651047720024
8281,"frozenset({'Top Order', 'Babar Azam', '2nd Inning', 'S/R >= 90 and < 120'})",frozenset({'Won'}),0.7999999999999999,1.3906137184115523,0.014388489208633093,0.6876427829698857,0.5999999999999999,0.026224566691785984,0.021313427441913793,0.8029667519181585,0.42990651047720024
6632,"frozenset({'Babar Azam', '1st Inning', 'West Indies'})","frozenset({'Top Order', 'Won'})",0.875,3.4114372469635628,0.028225806451612906,0.5657450674974039,0.75,0.12784918646973936,0.07548749357279748,0.5627877237851663,0.4292674838543631
8195,"frozenset({'Top Order', 'Babar Azam', 'Bangladesh'})","frozenset({'Won', '2nd Inning'})",0.875,3.425304878048781,0.028340080971659923,0.5652258566978193,0.75,0.1285465718259293,0.07593488632222967,0.561764705882353,0.42916453484396766
3568,"frozenset({'Bangladesh', 'Babar Azam'})","frozenset({'Won', '2nd Inning'})",0.875,3.425304878048781,0.028340080971659923,0.5652258566978193,0.75,0.1285465718259293,0.07593488632222967,0.561764705882353,0.42916453484396766
9353,"frozenset({'Babar Azam', 'Runs >= 50', 'S/R >= 120'})","frozenset({'Top Order', 'Won'})",0.7931034482758621,3.0921401647354463,0.09090909090909091,0.524796791635335,0.5862068965517242,0.11179214629815512,0.32089694237496524,0.4821060058206192,0.4279421680540081
4737,"frozenset({'Babar Azam', 'Runs >= 50'})","frozenset({'Top Order', 'Won'})",0.78125,3.045926113360324,0.0984251968503937,0.5188700674974039,0.5625,0.10946810101016266,0.35032302354091105,0.47042838874680315,0.4259222337873305
70,frozenset({'Babar Azam'}),frozenset({'Won'}),0.6701030927835052,1.1648181919684395,0.11092150170648464,0.6226943293616384,0.34020618556701043,0.0148695996706003,0.3992469322565986,0.6749967041949009,0.425821906572613
4680,"frozenset({'Top Order', 'Babar Azam', 'New Zealand'})",frozenset({'Won'}),0.7857142857142857,1.3657813305827746,0.019748653500897665,0.6804999258270286,0.5714285714285714,0.024975777801700936,0.04229884605612269,0.7888929484837413,0.4232836875707007
3619,"frozenset({'Top Order', 'Babar Azam', '2nd Inning'})",frozenset({'Won'}),0.7333333333333333,1.2747292418772562,0.058303886925795044,0.6543094496365525,0.46666666666666656,0.020396885204722427,0.19324528520867737,0.7372890025575449,0.4211999748503389
698,"frozenset({'Babar Azam', '2nd Inning'})",frozenset({'Won'}),0.7333333333333333,1.2747292418772562,0.058303886925795044,0.6543094496365525,0.46666666666666656,0.020396885204722427,0.19324528520867737,0.7372890025575449,0.4211999748503389
3621,"frozenset({'Babar Azam', '2nd Inning'})","frozenset({'Top Order', 'Won'})",0.7333333333333333,2.8591093117408906,0.12741312741312738,0.4949117341640706,0.46666666666666656,0.10007332399749011,0.46381280192260693,0.4232225063938619,0.4161179248946896
10998,"frozenset({'Top Order', 'Babar Azam', 'S/R >= 120', 'West Indies'})","frozenset({'Won', 'Runs >= 50'})",0.8333333333333334,10.03125,0.0617283950617284,0.4582035306334372,0.6666666666666667,0.46075106757096207,0.20665247440323917,0.3508951406649618,0.41333939127755653
9362,"frozenset({'Babar Azam', 'S/R >= 120', 'West Indies'})","frozenset({'Won', 'Runs >= 50'})",0.8333333333333334,10.03125,0.0617283950617284,0.4582035306334372,0.6666666666666667,0.46075106757096207,0.20665247440323917,0.3508951406649618,0.41333939127755653
9301,"frozenset({'Babar Azam', 'New Zealand', 'S/R >= 120'})","frozenset({'Won', 'Runs >= 50'})",0.8333333333333334,10.03125,0.0617283950617284,0.4582035306334372,0.6666666666666667,0.46075106757096207,0.20665247440323917,0.3508951406649618,0.41333939127755653
10984,"frozenset({'Top Order', 'Babar Azam', 'New Zealand', 'S/R >= 120'})","frozenset({'Won', 'Runs >= 50'})",0.8333333333333334,10.03125,0.0617283950617284,0.4582035306334372,0.6666666666666667,0.46075106757096207,0.20665247440323917,0.3508951406649618,0.41333939127755653
9379,"frozenset({'Babar Azam', 'S/R >= 90 and < 120', 'West Indies'})","frozenset({'Top Order', 'Won'})",0.8571428571428571,3.3418160786581836,0.024193548387096774,0.5568164960688324,0.7142857142857142,0.12434802733458189,0.05970092084283347,0.5451954694921446,0.40818943411966585
1046,"frozenset({'Babar Azam', 'S/R >= 120'})",frozenset({'Won'}),0.7209302325581395,1.2531693392662244,0.054770318021201414,0.6481078992489555,0.44186046511627897,0.01931266539317572,0.1794111154665181,0.7250698863974306,0.40583370663338586
4751,"frozenset({'Top Order', 'Babar Azam', 'S/R >= 120'})",frozenset({'Won'}),0.7209302325581395,1.2531693392662244,0.054770318021201414,0.6481078992489555,0.44186046511627897,0.01931266539317572,0.1794111154665181,0.7250698863974306,0.40583370663338586
9264,"frozenset({'Bangladesh', 'Babar Azam'})","frozenset({'Top Order', 'Won', 'S/R < 90'})",0.75,13.627358490566037,0.10909090909090909,0.4025181723779855,0.5,0.6415947448493552,0.39208003395734836,0.24117647058823538,0.40413642584861065
9247,"frozenset({'Bangladesh', 'Babar Azam', 'S/R < 90'})","frozenset({'Runs < 25', 'Won'})",0.8333333333333334,2.3260869565217392,0.014450867052023125,0.5957943925233645,0.6666666666666667,0.07326831434822655,0.021557641067544722,0.621994884910486,0.4003925892282319
10971,"frozenset({'Top Order', 'Babar Azam', 'Bangladesh', 'S/R < 90'})","frozenset({'Runs < 25', 'Won'})",0.8333333333333334,2.3260869565217392,0.014450867052023125,0.5957943925233645,0.6666666666666667,0.07326831434822655,0.021557641067544722,0.621994884910486,0.4003925892282319
8278,"frozenset({'Top Order', 'Babar Azam', '2nd Inning', 'S/R >= 120'})",frozenset({'Won'}),0.75,1.3037003610108304,0.02683363148479427,0.6626427829698858,0.5,0.021853805576488323,0.07003703107390111,0.7537084398976983,0.39930902184912864
3607,"frozenset({'Babar Azam', '2nd Inning', 'S/R >= 120'})",frozenset({'Won'}),0.75,1.3037003610108304,0.02683363148479427,0.6626427829698858,0.5,0.021853805576488323,0.07003703107390111,0.7537084398976983,0.39930902184912864
4753,"frozenset({'Babar Azam', 'S/R >= 120'})","frozenset({'Top Order', 'Won'})",0.7209302325581395,2.8107522832125036,0.11969111969111969,0.4887101837764737,0.44186046511627897,0.0976415111408226,0.43358060086445205,0.4110033902337477,0.39569748797842585
10978,"frozenset({'Bangladesh', 'Babar Azam', 'S/R < 90'})","frozenset({'Top Order', 'Runs < 25', 'Won'})",0.8333333333333334,6.8589743589743595,0.04237288135593221,0.47741433021806856,0.6666666666666667,0.3012213999403148,0.13087428264233222,0.38874680306905385,0.38600846570744735
10673,"frozenset({'Bangladesh', 'Babar Azam', 'S/R < 90'})","frozenset({'Top Order', 'Won', '2nd Inning'})",0.8333333333333334,6.471774193548387,0.04000000000000001,0.48104880581516096,0.6666666666666667,0.2817496009269838,0.1215842859442924,0.3959079283887469,0.3834226243926102
9330,"frozenset({'Runs < 25', 'South Africa', 'Babar Azam'})","frozenset({'Top Order', 'Won'})",0.8333333333333334,3.248987854251012,0.020161290322580648,0.5449117341640706,0.6666666666666667,0.11967981515437194,0.04391434811286947,0.5217391304347826,0.38166402507973285
8210,"frozenset({'Babar Azam', 'New Zealand', '2nd Inning'})","frozenset({'Top Order', 'Won'})",0.8333333333333334,3.248987854251012,0.020161290322580648,0.5449117341640706,0.6666666666666667,0.11967981515437194,0.04391434811286947,0.5217391304347826,0.38166402507973285
8190,"frozenset({'Bangladesh', 'Babar Azam', 'S/R < 90'})","frozenset({'Won', '2nd Inning'})",0.8333333333333334,3.26219512195122,0.020242914979757092,0.544392523364486,0.6666666666666667,0.12034399168407663,0.0442339143624639,0.5207161125319694,0.3815194072367376
10665,"frozenset({'Top Order', 'Babar Azam', 'Bangladesh', 'S/R < 90'})","frozenset({'Won', '2nd Inning'})",0.8333333333333334,3.26219512195122,0.020242914979757092,0.544392523364486,0.6666666666666667,0.12034399168407663,0.0442339143624639,0.5207161125319694,0.3815194072367376
6569,"frozenset({'Top Order', 'Babar Azam', 'New Zealand', '1st Inning'})",frozenset({'Won'}),0.75,1.3037003610108304,0.010791366906474819,0.6626427829698858,0.5,0.021853805576488323,0.007230441697197698,0.7537084398976983,0.3804670450361176
10674,"frozenset({'Bangladesh', 'Babar Azam'})","frozenset({'Top Order', 'Won', '2nd Inning', 'S/R < 90'})",0.625,20.754310344827587,0.15625000000000003,0.32755711318795433,0.25,1.0,0.5767111777491548,0.0934782608695653,0.37605683158561604
1026,"frozenset({'Babar Azam', 'New Zealand'})",frozenset({'Won'}),0.7333333333333334,1.2747292418772564,0.01971326164874552,0.6543094496365525,0.4666666666666668,0.020396885204722437,0.04216028447620679,0.7372890025575449,0.37587447463059775
9354,"frozenset({'Babar Azam', 'S/R >= 120'})","frozenset({'Top Order', 'Won', 'Runs >= 50'})",0.5348837209302325,7.6879555709822975,0.26436781609195403,0.30222898403728654,0.06976744186046502,0.3429098003785946,1.0,0.04357342532564083,0.3682932401936912
8283,"frozenset({'Babar Azam', '2nd Inning', 'S/R >= 90 and < 120'})","frozenset({'Top Order', 'Won'})",0.7999999999999999,3.1190283400809715,0.0321285140562249,0.528245067497404,0.5999999999999999,0.11314431810207799,0.0907668671789072,0.4889002557544758,0.3652145686902227
9350,"frozenset({'Top Order', 'Babar Azam', 'Runs >= 50'})","frozenset({'Won', 'S/R >= 120'})",0.7187500000000001,2.4033203125000004,0.07744107744107745,0.5089077102803738,0.4375000000000002,0.07715228062463371,0.26816872638801476,0.450799232736573,0.35465561579983973
4730,"frozenset({'Babar Azam', 'Runs >= 50'})","frozenset({'Won', 'S/R >= 120'})",0.7187500000000001,2.4033203125000004,0.07744107744107745,0.5089077102803738,0.4375000000000002,0.07715228062463371,0.26816872638801476,0.450799232736573,0.35465561579983973
9313,"frozenset({'Top Order', 'Runs < 25', 'Babar Azam', 'S/R < 90'})",frozenset({'Won'}),0.6956521739130435,1.2092293203578717,0.028520499108734398,0.6354688699264075,0.3913043478260869,0.01710297827725173,0.07664123596482691,0.7001667963971979,0.35214401188415867
4689,"frozenset({'Babar Azam', 'Runs < 25', 'S/R < 90'})",frozenset({'Won'}),0.6956521739130435,1.2092293203578717,0.028520499108734398,0.6354688699264075,0.3913043478260869,0.01710297827725173,0.07664123596482691,0.7001667963971979,0.35214401188415867
6618,"frozenset({'Top Order', 'Babar Azam', 'S/R >= 120', '1st Inning'})",frozenset({'Won'}),0.6956521739130435,1.2092293203578717,0.028520499108734398,0.6354688699264075,0.3913043478260869,0.01710297827725173,0.07664123596482691,0.7001667963971979,0.35214401188415867
2183,"frozenset({'Babar Azam', 'S/R >= 120', '1st Inning'})",frozenset({'Won'}),0.6956521739130435,1.2092293203578717,0.028520499108734398,0.6354688699264075,0.3913043478260869,0.01710297827725173,0.07664123596482691,0.7001667963971979,0.35214401188415867
8280,"frozenset({'Babar Azam', '2nd Inning', 'S/R >= 120'})","frozenset({'Top Order', 'Won'})",0.75,2.924089068825911,0.05952380952380952,0.5032450674974039,0.5,0.1033410725236371,0.19802136761966094,0.4396419437340154,0.3516331006584666
10672,"frozenset({'Bangladesh', 'Babar Azam', '2nd Inning'})","frozenset({'Top Order', 'Won', 'S/R < 90'})",0.7142857142857143,12.978436657681941,0.09090909090909091,0.38466102952084263,0.4285714285714286,0.6089612993254346,0.32089694237496524,0.20599196200219227,0.34753422981711934
4703,"frozenset({'Top Order', 'Babar Azam', 'Runs < 25'})",frozenset({'Won'}),0.6590909090909091,1.1456760748276993,0.050966608084358524,0.6171882375153404,0.3181818181818181,0.013906967185038015,0.16451932466322716,0.6641478725877704,0.3454454013483485
1032,"frozenset({'Babar Azam', 'Runs < 25'})",frozenset({'Won'}),0.6590909090909091,1.1456760748276993,0.050966608084358524,0.6171882375153404,0.3181818181818181,0.013906967185038015,0.16451932466322716,0.6641478725877704,0.3454454013483485
1043,"frozenset({'Babar Azam', 'S/R < 90'})",frozenset({'Won'}),0.68,1.1820216606498195,0.0302491103202847,0.6276427829698858,0.3600000000000001,0.01573474001507159,0.08340886992484349,0.684746803069054,0.3400201758996764
4744,"frozenset({'Top Order', 'Babar Azam', 'S/R < 90'})",frozenset({'Won'}),0.68,1.1820216606498195,0.0302491103202847,0.6276427829698858,0.3600000000000001,0.01573474001507159,0.08340886992484349,0.684746803069054,0.3400201758996764
2163,"frozenset({'Babar Azam', 'Runs < 25', '1st Inning'})",frozenset({'Won'}),0.6818181818181818,1.185182146373482,0.0267379679144385,0.6285518738789766,0.36363636363636354,0.015893676782900587,0.06966250149596581,0.6865380144152522,0.3375404315425645
6586,"frozenset({'Top Order', 'Runs < 25', 'Babar Azam', '1st Inning'})",frozenset({'Won'}),0.6818181818181818,1.185182146373482,0.0267379679144385,0.6285518738789766,0.36363636363636354,0.015893676782900587,0.06966250149596581,0.6865380144152522,0.3375404315425645
10123,"frozenset({'Top Order', 'Runs < 25', 'S/R < 90', 'Babar Azam', '1st Inning'})",frozenset({'Won'}),0.7,1.2167870036101083,0.012567324955116697,0.6376427829698857,0.3999999999999999,0.017483044461190655,0.01418344184045969,0.7044501278772379,0.3373383753614283
2177,"frozenset({'1st Inning', 'Babar Azam', 'S/R < 90'})",frozenset({'Won'}),0.7,1.2167870036101083,0.012567324955116697,0.6376427829698857,0.3999999999999999,0.017483044461190655,0.01418344184045969,0.7044501278772379,0.3373383753614283
6577,"frozenset({'1st Inning', 'Runs < 25', 'Babar Azam', 'S/R < 90'})",frozenset({'Won'}),0.7,1.2167870036101083,0.012567324955116697,0.6376427829698857,0.3999999999999999,0.017483044461190655,0.01418344184045969,0.7044501278772379,0.3373383753614283
6613,"frozenset({'Top Order', 'Babar Azam', '1st Inning', 'S/R < 90'})",frozenset({'Won'}),0.7,1.2167870036101083,0.012567324955116697,0.6376427829698857,0.3999999999999999,0.017483044461190655,0.01418344184045969,0.7044501278772379,0.3373383753614283
8223,"frozenset({'Runs < 25', '2nd Inning', 'Babar Azam', 'S/R < 90'})",frozenset({'Won'}),0.6923076923076923,1.203415717856151,0.016129032258064516,0.6337966291237319,0.3846153846153846,0.016810619674221785,0.02812777538290545,0.6968719260279364,0.3345655877752901
10678,"frozenset({'Top Order', 'Runs < 25', '2nd Inning', 'S/R < 90', 'Babar Azam'})",frozenset({'Won'}),0.6923076923076923,1.203415717856151,0.016129032258064516,0.6337966291237319,0.3846153846153846,0.016810619674221785,0.02812777538290545,0.6968719260279364,0.3345655877752901
6608,"frozenset({'Babar Azam', 'Runs >= 50', 'S/R >= 120', '1st Inning'})",frozenset({'Won'}),0.6875,1.195058664259928,0.019677996422182466,0.6313927829698858,0.375,0.016390354182366243,0.04202221864434067,0.6921355498721229,0.33438636597317567
10138,"frozenset({'Top Order', 'S/R >= 120', 'Runs >= 50', 'Babar Azam', '1st Inning'})",frozenset({'Won'}),0.6875,1.195058664259928,0.019677996422182466,0.6313927829698858,0.375,0.016390354182366243,0.04202221864434067,0.6921355498721229,0.33438636597317567
2192,"frozenset({'Top Order', 'Babar Azam', '1st Inning'})",frozenset({'Won'}),0.64,1.112490974729242,0.05594405594405594,0.6076427829698858,0.28,0.012238131122833463,0.18400638163961297,0.6453401534526856,0.33402777363997294
4705,"frozenset({'Babar Azam', 'Runs < 25'})","frozenset({'Top Order', 'Won'})",0.6590909090909091,2.569654030180346,0.11068702290076336,0.45779052204285847,0.3181818181818181,0.08551698965374452,0.39832893131000036,0.35008137642408743,0.32852933674014617
4731,"frozenset({'Babar Azam', 'S/R >= 120'})","frozenset({'Won', 'Runs >= 50'})",0.5348837209302325,6.438662790697673,0.23,0.3089787244318868,0.06976744186046502,0.28008447100471423,0.8654475929801965,0.056872658062213796,0.325634754971334
9349,"frozenset({'Top Order', 'Babar Azam', 'S/R >= 120'})","frozenset({'Won', 'Runs >= 50'})",0.5348837209302325,6.438662790697673,0.23,0.3089787244318868,0.06976744186046502,0.28008447100471423,0.8654475929801965,0.056872658062213796,0.325634754971334
4681,"frozenset({'Babar Azam', 'New Zealand'})","frozenset({'Top Order', 'Won'})",0.7333333333333334,2.859109311740891,0.04382470119521912,0.49491173416407064,0.4666666666666668,0.10007332399749012,0.13655825899429166,0.423222506393862,0.31794156201619517
2175,"frozenset({'Babar Azam', 'Runs >= 50', '1st Inning'})",frozenset({'Won'}),0.6666666666666667,1.1588447653429605,0.021428571428571425,0.6209761163032191,0.3333333333333335,0.014569203717658892,0.04887584239942956,0.671611253196931,0.3176030490506741
6610,"frozenset({'Top Order', 'Babar Azam', 'Runs >= 50', '1st Inning'})",frozenset({'Won'}),0.6666666666666667,1.1588447653429605,0.021428571428571425,0.6209761163032191,0.3333333333333335,0.014569203717658892,0.04887584239942956,0.671611253196931,0.3176030490506741
8274,"frozenset({'Top Order', 'Babar Azam', '2nd Inning', 'S/R < 90'})",frozenset({'Won'}),0.6666666666666667,1.1588447653429605,0.01788908765652952,0.6209761163032191,0.3333333333333335,0.014569203717658892,0.035018515536950574,0.671611253196931,0.3134458509919304
3605,"frozenset({'Babar Azam', '2nd Inning', 'S/R < 90'})",frozenset({'Won'}),0.6666666666666667,1.1588447653429605,0.01788908765652952,0.6209761163032191,0.3333333333333335,0.014569203717658892,0.035018515536950574,0.671611253196931,0.3134458509919304
272,"frozenset({'Babar Azam', '1st Inning'})",frozenset({'Won'}),0.6153846153846154,1.0697028603165788,0.05574912891986062,0.5953350906621935,0.23076923076923084,0.010086371804533072,0.18324322868777823,0.6210899075349204,0.3115393472780321
9323,"frozenset({'Top Order', 'Runs < 25', 'Babar Azam', 'S/R >= 90 and < 120'})",frozenset({'Won'}),0.6666666666666666,1.1588447653429603,0.014336917562724013,0.620976116303219,0.33333333333333326,0.014569203717658881,0.021111520836254775,0.6716112531969309,0.3092737525817216
4694,"frozenset({'Babar Azam', 'Runs < 25', 'S/R >= 90 and < 120'})",frozenset({'Won'}),0.6666666666666666,1.1588447653429603,0.014336917562724013,0.620976116303219,0.33333333333333326,0.014569203717658881,0.021111520836254775,0.6716112531969309,0.3092737525817216
10699,"frozenset({'Babar Azam', '2nd Inning', 'S/R >= 120'})","frozenset({'Top Order', 'Won', 'Runs >= 50'})",0.6,8.623880597014924,0.16,0.3347871235721703,0.19999999999999996,0.38997626786939454,0.5913926903880212,0.1077237851662404,0.3087325694532179
9261,"frozenset({'Top Order', 'Babar Azam', 'Bangladesh'})","frozenset({'Won', 'S/R < 90'})",0.75,4.913265306122449,0.040268456375838924,0.4513239875389408,0.5,0.20337419067099335,0.1226353114575893,0.3373401534526855,0.30833005854018175
4633,"frozenset({'Bangladesh', 'Babar Azam'})","frozenset({'Won', 'S/R < 90'})",0.75,4.913265306122449,0.040268456375838924,0.4513239875389408,0.5,0.20337419067099335,0.1226353114575893,0.3373401534526855,0.30833005854018175
6622,"frozenset({'Babar Azam', 'S/R >= 120', '1st Inning'})","frozenset({'Top Order', 'Won'})",0.6956521739130435,2.712198556592149,0.06299212598425195,0.47607115445392567,0.3913043478260869,0.09268537080794043,0.2116000694728808,0.386100300233515,0.3059699523405388
9318,"frozenset({'Runs < 25', 'Babar Azam', 'S/R < 90'})","frozenset({'Top Order', 'Won'})",0.6956521739130435,2.712198556592149,0.06299212598425195,0.47607115445392567,0.3913043478260869,0.09268537080794043,0.2116000694728808,0.386100300233515,0.3059699523405388
3592,"frozenset({'Runs >= 25 and < 50', 'Babar Azam', '2nd Inning'})",frozenset({'Won'}),0.6666666666666667,1.1588447653429605,0.010771992818671453,0.6209761163032191,0.3333333333333335,0.014569203717658892,0.00715459078654393,0.671611253196931,0.3050866735668084
8245,"frozenset({'Top Order', 'Runs >= 25 and < 50', '2nd Inning', 'Babar Azam'})",frozenset({'Won'}),0.6666666666666667,1.1588447653429605,0.010771992818671453,0.6209761163032191,0.3333333333333335,0.014569203717658892,0.00715459078654393,0.671611253196931,0.3050866735668084
2156,"frozenset({'Babar Azam', 'New Zealand', '1st Inning'})",frozenset({'Won'}),0.6666666666666667,1.1588447653429605,0.010771992818671453,0.6209761163032191,0.3333333333333335,0.014569203717658892,0.00715459078654393,0.671611253196931,0.3050866735668084
9319,"frozenset({'Babar Azam', 'S/R < 90'})","frozenset({'Top Order', 'Runs < 25', 'Won'})",0.64,5.2676923076923075,0.12698412698412698,0.3807476635514019,0.28,0.22119786936667118,0.462133235197154,0.19828132992327374,0.30424415647279546
2194,"frozenset({'Babar Azam', '1st Inning'})","frozenset({'Top Order', 'Won'})",0.6153846153846154,2.3992525692930555,0.1198501872659176,0.43593737518971165,0.23076923076923084,0.07694771904321926,0.43420336156040656,0.30702341137123756,0.2992935730145844
4746,"frozenset({'Babar Azam', 'S/R < 90'})","frozenset({'Top Order', 'Won'})",0.68,2.6511740890688262,0.06666666666666667,0.46824506749740397,0.3600000000000001,0.08961652871381982,0.22598615359845434,0.37068030690537096,0.2959615910225296
4757,"frozenset({'Top Order', 'Babar Azam', 'S/R >= 90 and < 120'})",frozenset({'Won'}),0.6296296296296297,1.0944645006016849,0.030141843971631208,0.6024575977847006,0.2592592592592593,0.01133160289151247,0.08298891465724846,0.6351236146632568,0.2943446968630806
3587,"frozenset({'Babar Azam', '2nd Inning', 'Runs < 25'})",frozenset({'Won'}),0.6363636363636364,1.1061700032819166,0.02491103202846975,0.6058246011517039,0.2727272727272727,0.011920257587175445,0.06250991954923277,0.6417577307602883,0.29429050266975565
8236,"frozenset({'Top Order', 'Runs < 25', '2nd Inning', 'Babar Azam'})",frozenset({'Won'}),0.6363636363636364,1.1061700032819166,0.02491103202846975,0.6058246011517039,0.2727272727272727,0.011920257587175445,0.06250991954923277,0.6417577307602883,0.29429050266975565
6589,"frozenset({'Runs < 25', 'Babar Azam', '1st Inning'})","frozenset({'Top Order', 'Won'})",0.6818181818181818,2.658262789841737,0.05905511811023622,0.4691541584064948,0.36363636363636354,0.08997301037121765,0.19618640790976638,0.37247151825156943,0.28868558797643157
6578,"frozenset({'1st Inning', 'Babar Azam', 'S/R < 90'})","frozenset({'Runs < 25', 'Won'})",0.7,1.9539130434782608,0.020114942528735635,0.5291277258566978,0.3999999999999999,0.054552166268034025,0.04373289325390437,0.4906393861892583,0.28576690045975217
10125,"frozenset({'Top Order', 'Babar Azam', '1st Inning', 'S/R < 90'})","frozenset({'Runs < 25', 'Won'})",0.7,1.9539130434782608,0.020114942528735635,0.5291277258566978,0.3999999999999999,0.054552166268034025,0.04373289325390437,0.4906393861892583,0.28576690045975217
10128,"frozenset({'1st Inning', 'Babar Azam', 'S/R < 90'})","frozenset({'Top Order', 'Runs < 25', 'Won'})",0.7,5.7615384615384615,0.05833333333333334,0.41074766355140185,0.3999999999999999,0.24603275816538817,0.19336056995652876,0.2573913043478261,0.2798288381078452
1051,"frozenset({'Babar Azam', 'South Africa'})",frozenset({'Won'}),0.6363636363636364,1.1061700032819166,0.012544802867383513,0.6058246011517039,0.2727272727272727,0.011920257587175445,0.014095266289604115,0.6417577307602883,0.2797661066918671
4761,"frozenset({'Top Order', 'Babar Azam', 'South Africa'})",frozenset({'Won'}),0.6363636363636364,1.1061700032819166,0.012544802867383513,0.6058246011517039,0.2727272727272727,0.011920257587175445,0.014095266289604115,0.6417577307602883,0.2797661066918671
8258,"frozenset({'Babar Azam', '2nd Inning', 'S/R >= 120'})","frozenset({'Won', 'Runs >= 50'})",0.6,7.222499999999999,0.13636363636363633,0.3415368639667705,0.19999999999999996,0.3195026375282592,0.498854671330923,0.12102301790281336,0.2779135705229468
10693,"frozenset({'Top Order', 'Babar Azam', '2nd Inning', 'S/R >= 120'})","frozenset({'Won', 'Runs >= 50'})",0.6,7.222499999999999,0.13636363636363633,0.3415368639667705,0.19999999999999996,0.3195026375282592,0.498854671330923,0.12102301790281336,0.2779135705229468
10143,"frozenset({'Babar Azam', 'Runs >= 50', 'S/R >= 120', '1st Inning'})","frozenset({'Top Order', 'Won'})",0.6875,2.680414979757085,0.04365079365079365,0.47199506749740394,0.375,0.09108701555058595,0.13587739877789787,0.37806905370843996,0.27579263730095993
10685,"frozenset({'Runs < 25', '2nd Inning', 'Babar Azam', 'S/R < 90'})","frozenset({'Top Order', 'Won'})",0.6923076923076923,2.699159140454687,0.03585657370517928,0.4743989136512501,0.3846153846153846,0.0920296353177437,0.10536248180679308,0.3828054298642534,0.2710379524177037
6615,"frozenset({'1st Inning', 'Babar Azam', 'S/R < 90'})","frozenset({'Top Order', 'Won'})",0.7,2.7291497975708503,0.028,0.4782450674974039,0.3999999999999999,0.09353782694519618,0.0746034454999195,0.390383631713555,0.26884990585856194
10127,"frozenset({'1st Inning', 'Runs < 25', 'Babar Azam', 'S/R < 90'})","frozenset({'Top Order', 'Won'})",0.7,2.7291497975708503,0.028,0.4782450674974039,0.3999999999999999,0.09353782694519618,0.0746034454999195,0.390383631713555,0.26884990585856194
8189,"frozenset({'Bangladesh', 'Babar Azam', '2nd Inning'})","frozenset({'Won', 'S/R < 90'})",0.7142857142857143,4.67930029154519,0.033557046979865786,0.43346684468179797,0.4285714285714286,0.19160839058413767,0.09635967362516604,0.3021556448666424,0.26728686317738487
10664,"frozenset({'Top Order', 'Babar Azam', '2nd Inning', 'Bangladesh'})","frozenset({'Won', 'S/R < 90'})",0.7142857142857143,4.67930029154519,0.033557046979865786,0.43346684468179797,0.4285714285714286,0.19160839058413767,0.09635967362516604,0.3021556448666424,0.26728686317738487
10979,"frozenset({'Bangladesh', 'Babar Azam'})","frozenset({'Top Order', 'Runs < 25', 'Won', 'S/R < 90'})",0.625,12.0375,0.09433962264150944,0.3384605399792316,0.25,0.5616428033157498,0.3343277143716413,0.11496163682864459,0.26595108569166076
4670,"frozenset({'Babar Azam', 'New Zealand', 'Runs < 25'})",frozenset({'Won'}),0.625,1.0864169675090254,0.008976660682226214,0.6001427829698858,0.25,0.010926902788244165,0.00012573973262819158,0.6305626598465474,0.26529921015257707
9290,"frozenset({'Top Order', 'Runs < 25', 'New Zealand', 'Babar Azam'})",frozenset({'Won'}),0.625,1.0864169675090254,0.008976660682226214,0.6001427829698858,0.25,0.010926902788244165,0.00012573973262819158,0.6305626598465474,0.26529921015257707
6584,"frozenset({'Runs < 25', 'Babar Azam', 'S/R >= 90 and < 120', '1st Inning'})",frozenset({'Won'}),0.625,1.0864169675090254,0.008976660682226214,0.6001427829698858,0.25,0.010926902788244165,0.00012573973262819158,0.6305626598465474,0.26529921015257707
10131,"frozenset({'Top Order', 'Runs < 25', 'S/R >= 90 and < 120', 'Babar Azam', '1st Inning'})",frozenset({'Won'}),0.625,1.0864169675090254,0.008976660682226214,0.6001427829698858,0.25,0.010926902788244165,0.00012573973262819158,0.6305626598465474,0.26529921015257707
6612,"frozenset({'Babar Azam', 'Runs >= 50', '1st Inning'})","frozenset({'Top Order', 'Won'})",0.6666666666666667,2.59919028340081,0.04743083003952569,0.4615784008307373,0.3333333333333335,0.08700232989290224,0.15067650598230983,0.35754475703324823,0.2611666118939577
4690,"frozenset({'Babar Azam', 'S/R < 90'})","frozenset({'Runs < 25', 'Won'})",0.64,1.7864347826086957,0.04519774011299434,0.49912772585669785,0.28,0.046129899631947406,0.14193380252095103,0.431529411764706,0.26065195424889187
9315,"frozenset({'Top Order', 'Babar Azam', 'S/R < 90'})","frozenset({'Runs < 25', 'Won'})",0.64,1.7864347826086957,0.04519774011299434,0.49912772585669785,0.28,0.046129899631947406,0.14193380252095103,0.431529411764706,0.26065195424889187
1049,"frozenset({'Babar Azam', 'S/R >= 90 and < 120'})",frozenset({'Won'}),0.5862068965517242,1.0189841902153618,0.030035335689045938,0.5807462312457479,0.1724137931034484,0.00753579502637529,0.08257192727140325,0.592345003968604,0.25495279680567423
8277,"frozenset({'Babar Azam', '2nd Inning', 'S/R < 90'})","frozenset({'Top Order', 'Won'})",0.6666666666666667,2.59919028340081,0.03968253968253969,0.4615784008307373,0.3333333333333335,0.08700232989290224,0.12034140656745712,0.35754475703324823,0.2520660820695019
9325,"frozenset({'Runs < 25', 'Babar Azam', 'S/R >= 90 and < 120'})","frozenset({'Top Order', 'Won'})",0.6666666666666666,2.5991902834008096,0.03187250996015936,0.46157840083073726,0.33333333333333326,0.08700232989290221,0.0897645932130438,0.3575447570332481,0.24289303806317775
8238,"frozenset({'Runs < 25', '2nd Inning', 'Babar Azam'})","frozenset({'Top Order', 'Won'})",0.6363636363636364,2.4810452705189547,0.05490196078431373,0.4464268856792221,0.2727272727272727,0.08106096893627136,0.17992650610397115,0.3276912345966055,0.2422096009219819
4716,"frozenset({'Runs >= 25 and < 50', 'Babar Azam', 'Top Order'})",frozenset({'Won'}),0.5789473684210527,1.0063651909557287,0.0195729537366548,0.5771164671804121,0.1578947368421053,0.006901201760996314,0.041610969173622024,0.5851931619329656,0.2360997805607075
6572,"frozenset({'Babar Azam', 'New Zealand', '1st Inning'})","frozenset({'Top Order', 'Won'})",0.6666666666666667,2.59919028340081,0.023999999999999997,0.4615784008307373,0.3333333333333335,0.08700232989290224,0.05894316535179518,0.35754475703324823,0.2336466097048033
8248,"frozenset({'Runs >= 25 and < 50', 'Babar Azam', '2nd Inning'})","frozenset({'Top Order', 'Won'})",0.6666666666666667,2.59919028340081,0.023999999999999997,0.4615784008307373,0.3333333333333335,0.08700232989290224,0.05894316535179518,0.35754475703324823,0.2336466097048033
9332,"frozenset({'Runs >= 25 and < 50', 'Top Order', 'Babar Azam', 'S/R >= 90 and < 120'})",frozenset({'Won'}),0.5833333333333334,1.0139891696750902,0.012522361359570662,0.5793094496365525,0.16666666666666674,0.007284601858829437,0.014007406214780225,0.5895140664961639,0.2317849019991662
10144,"frozenset({'Babar Azam', 'Runs >= 50', '1st Inning'})","frozenset({'Top Order', 'Won', 'S/R >= 120'})",0.6111111111111112,4.784552845528456,0.08461538461538462,0.36941848390446524,0.22222222222222232,0.19690140634136816,0.29625664144260183,0.17595907928388757,0.22802152351875032
8191,"frozenset({'Bangladesh', 'Babar Azam'})","frozenset({'Won', '2nd Inning', 'S/R < 90'})",0.625,8.722826086956523,0.06944444444444445,0.34832554517133957,0.25,0.39495210947653536,0.23686134814576287,0.13439897698209724,0.22587330848601156
10670,"frozenset({'Top Order', 'Babar Azam', 'Bangladesh'})","frozenset({'Won', '2nd Inning', 'S/R < 90'})",0.625,8.722826086956523,0.06944444444444445,0.34832554517133957,0.25,0.39495210947653536,0.23686134814576287,0.13439897698209724,0.22587330848601156
9252,"frozenset({'Top Order', 'Babar Azam', 'Bangladesh'})","frozenset({'Runs < 25', 'Won'})",0.625,1.7445652173913044,0.014367816091954026,0.4916277258566978,0.25,0.044024332972925746,0.021232490742231533,0.41675191815856777,0.21079775596753236
4626,"frozenset({'Bangladesh', 'Babar Azam'})","frozenset({'Runs < 25', 'Won'})",0.625,1.7445652173913044,0.014367816091954026,0.4916277258566978,0.25,0.044024332972925746,0.021232490742231533,0.41675191815856777,0.21079775596753236
4763,"frozenset({'Babar Azam', 'South Africa'})","frozenset({'Top Order', 'Won'})",0.6363636363636364,2.4810452705189547,0.027888446215139442,0.4464268856792221,0.2727272727272727,0.08106096893627136,0.07416670461929452,0.3276912345966055,0.21048166047657896
6609,"frozenset({'Babar Azam', 'Runs >= 50', '1st Inning'})","frozenset({'Won', 'S/R >= 120'})",0.6111111111111112,2.043402777777778,0.037288135593220334,0.45508826583592943,0.22222222222222232,0.05905249006856646,0.11096714686081825,0.344757033248082,0.2092891697061934
10140,"frozenset({'Top Order', 'Babar Azam', 'Runs >= 50', '1st Inning'})","frozenset({'Won', 'S/R >= 120'})",0.6111111111111112,2.043402777777778,0.037288135593220334,0.45508826583592943,0.22222222222222232,0.05905249006856646,0.11096714686081825,0.344757033248082,0.2092891697061934
4759,"frozenset({'Babar Azam', 'S/R >= 90 and < 120'})","frozenset({'Top Order', 'Won'})",0.5862068965517242,2.2854949043696777,0.06563706563706564,0.42134851577326604,0.1724137931034484,0.07122699218046857,0.22195519345736703,0.2782785078049212,0.20891694752776785
10687,"frozenset({'Babar Azam', '2nd Inning', 'S/R < 90'})","frozenset({'Top Order', 'Runs < 25', 'Won'})",0.6,4.938461538461539,0.07317073170731707,0.36074766355140186,0.19999999999999996,0.2046412768341932,0.251450023758006,0.1588746803069054,0.20356153890289272
4692,"frozenset({'Babar Azam', 'Runs < 25', 'S/R >= 120'})",frozenset({'Won'}),0.5555555555555556,0.9657039711191336,0.00896057347670251,0.5654205607476636,0.11111111111111116,0.004856401239219629,6.275719630277861e-05,0.562148337595908,0.20248230189491856
9320,"frozenset({'Top Order', 'Runs < 25', 'Babar Azam', 'S/R >= 120'})",frozenset({'Won'}),0.5555555555555556,0.9657039711191336,0.00896057347670251,0.5654205607476636,0.11111111111111116,0.004856401239219629,6.275719630277861e-05,0.562148337595908,0.20248230189491856
8225,"frozenset({'Babar Azam', '2nd Inning', 'S/R < 90'})","frozenset({'Runs < 25', 'Won'})",0.6,1.674782608695652,0.02564102564102564,0.47912772585669783,0.19999999999999996,0.040515055207889644,0.06536789566897439,0.3921227621483377,0.20129870286598256
10681,"frozenset({'Top Order', 'Babar Azam', '2nd Inning', 'S/R < 90'})","frozenset({'Runs < 25', 'Won'})",0.6,1.674782608695652,0.02564102564102564,0.47912772585669783,0.19999999999999996,0.040515055207889644,0.06536789566897439,0.3921227621483377,0.20129870286598256
9292,"frozenset({'Runs < 25', 'New Zealand', 'Babar Azam'})","frozenset({'Top Order', 'Won'})",0.625,2.436740890688259,0.020000000000000004,0.44074506749740394,0.25,0.07883295857753479,0.043282885203670914,0.3164961636828645,0.19081701052371408
10135,"frozenset({'Runs < 25', 'Babar Azam', 'S/R >= 90 and < 120', '1st Inning'})","frozenset({'Top Order', 'Won'})",0.625,2.436740890688259,0.020000000000000004,0.44074506749740394,0.25,0.07883295857753479,0.043282885203670914,0.3164961636828645,0.19081701052371408
9255,"frozenset({'Bangladesh', 'Babar Azam'})","frozenset({'Top Order', 'Runs < 25', 'Won'})",0.625,5.144230769230769,0.04166666666666668,0.3732476635514019,0.25,0.21498914716699194,0.12810940267267754,0.1835038363171356,0.18998288641364314
6624,"frozenset({'Top Order', 'Babar Azam', 'S/R >= 90 and < 120', '1st Inning'})",frozenset({'Won'}),0.5294117647058822,0.920259078360586,0.016014234875444837,0.5523486653228269,0.0588235294117645,0.002571035950175087,0.027678335589881555,0.5363923574544908,0.18712537033185853
1035,"frozenset({'Runs >= 25 and < 50', 'Babar Azam'})",frozenset({'Won'}),0.5238095238095238,0.9105208870551832,0.019503546099290777,0.5495475448746476,0.04761904761904767,0.0020813148168084155,0.04133923341223702,0.5308732188527585,0.1861575814468938
10975,"frozenset({'Top Order', 'Babar Azam', 'Bangladesh'})","frozenset({'Runs < 25', 'Won', 'S/R < 90'})",0.625,4.208916083916084,0.03424657534246576,0.3867471443406023,0.25,0.16795337292699766,0.0990592254572643,0.21010230179028144,0.18454379546696348
9248,"frozenset({'Bangladesh', 'Babar Azam'})","frozenset({'Runs < 25', 'Won', 'S/R < 90'})",0.625,4.208916083916084,0.03424657534246576,0.3867471443406023,0.25,0.16795337292699766,0.0990592254572643,0.21010230179028144,0.18454379546696348
4714,"frozenset({'Runs >= 25 and < 50', 'Babar Azam', 'S/R >= 90 and < 120'})",frozenset({'Won'}),0.5,0.8691335740072202,0.012477718360071303,0.5376427829698858,0.0,0.0,0.01383262574507709,0.5074168797953965,0.15637485166214207
6595,"frozenset({'Runs >= 25 and < 50', 'Top Order', 'Babar Azam', '1st Inning'})",frozenset({'Won'}),0.5,0.8691335740072202,0.00894454382826476,0.5376427829698858,0.0,0.0,0.0,0.5074168797953965,0.15222506393861895
6630,"frozenset({'Top Order', 'Babar Azam', 'West Indies'})","frozenset({'Won', '1st Inning'})",0.5384615384615385,1.6835664335664338,0.02229299363057325,0.4291476955028357,0.0769230769230771,0.04095678247901308,0.05226011586183133,0.2936454849498329,0.13094428156832372
9322,"frozenset({'Runs < 25', 'Babar Azam', 'S/R >= 120'})","frozenset({'Top Order', 'Won'})",0.5555555555555556,2.1659919028340084,0.0199203187250996,0.40602284527518173,0.11111111111111116,0.0652173397185891,0.04297092743179591,0.24808184143222514,0.12717089796439857
4717,"frozenset({'Runs >= 25 and < 50', 'Babar Azam'})","frozenset({'Top Order', 'Won'})",0.5238095238095238,2.0422209369577793,0.042801556420233464,0.39014982940216586,0.04761904761904767,0.05899305681164248,0.13255257554220043,0.2168067226890757,0.12499280943626138
2197,"frozenset({'Babar Azam', 'West Indies'})","frozenset({'Won', '1st Inning'})",0.5,1.5633116883116882,0.022222222222222223,0.40991692627206644,0.0,0.0349093257910138,0.05198304084151773,0.2557544757033248,0.09581218754255415
6633,"frozenset({'Babar Azam', 'West Indies'})","frozenset({'Top Order', 'Won', '1st Inning'})",0.5,3.914634146341464,0.053846153846153856,0.31386292834890966,0.0,0.15315431225148726,0.1757929479954919,0.0664961636828645,0.08800216472865564
9335,"frozenset({'Runs >= 25 and < 50', 'Babar Azam', 'S/R >= 90 and < 120'})","frozenset({'Top Order', 'Won'})",0.5,1.9493927125506074,0.027559055118110236,0.37824506749740394,0.0,0.054324844631432515,0.07287711540485066,0.19335038363171358,0.08530073417411252
